actual,predicted,residual
51.8,54.49800000000007,-2.6980000000000715
65.5,58.224666666666565,7.275333333333435
46.9,56.15600000000001,-9.256000000000014
